id,x,y,width,height,area,aspect_ratio,num_divisions
1_1,3394,1486,323,2518,647322.0,7.795665634674923,1
2_1,2641,1586,1307,3053,474322.5,9.816793893129772,2
