id,x,y,width,height,area,aspect_ratio,num_divisions
1_1,2604,1364,392,2579,478522.5,6.579081632653061,1
2_1,3390,1228,386,2647,656514.0,6.857512953367876,1
