id,x,y,width,height,area,aspect_ratio,num_divisions
1_1,860,1430,397,2546,665889.0,6.413098236775818,1
2_1,4186,1400,485,2561,998191.5,5.2804123711340205,1
