id,x,y,width,height,area,aspect_ratio,num_divisions
1_1,6498,1395,458,2554,1856548.0,2.9642857142857144,2
1_2,6882,1385,484,2564,1856548.0,2.9642857142857144,2
