id,x,y,width,height,area,aspect_ratio,num_divisions
1_1,6498,907,458,3042,1856548.0,2.9642857142857144,2
1_2,6882,890,484,3059,1856548.0,2.9642857142857144,2
